INSERT INTO `security_group` (`group_id`, `description`) VALUES ('ADMIN', 'Admin')



INSERT INTO `user_login_security_group` (`group_id`,`user_id`) VALUES ('ADMIN','admin')

INSERT INTO `designation_master` (`designation`, `responsibility`) VALUES ('ADMIN', 'System Admin')


INSERT INTO `security_permission` (`permission_id`,`description`) VALUES ('*','ADMIN ACCESS TO ALL')

INSERT INTO `security_permission` (`permission_id`, `description`) VALUES ('GROUP_ADMIN', 'GROUP Admin ')
INSERT INTO `security_permission` (`permission_id`, `description`) VALUES ('GROUP_READ', 'GROUP Read ')
INSERT INTO `security_permission` (`permission_id`, `description`) VALUES ('GROUP_WRITE', 'GROUP Write ')


INSERT INTO `security_group_permission` (`group_id`, `permission_id`) VALUES ('ADMIN', '*')

INSERT INTO `country` (`country_id`,`country_name`) VALUES ('1','Afghanistan ')
INSERT INTO `country` (`country_id`,`country_name`) VALUES ('10','Armenia ')
INSERT INTO `country` (`country_id`,`country_name`) VALUES ('100','Isle of Man ')
INSERT INTO `country` (`country_id`,`country_name`) VALUES ('101','Israel ')
INSERT INTO `country` (`country_id`,`country_name`) VALUES ('102','Italy ')
INSERT INTO `country` (`country_id`,`country_name`) VALUES ('103','Jamaica ')
INSERT INTO `country` (`country_id`,`country_name`) VALUES ('104','Japan ')
INSERT INTO `country` (`country_id`,`country_name`) VALUES ('105','Jersey ')
INSERT INTO `country` (`country_id`,`country_name`) VALUES ('106','Jordan ')
INSERT INTO `country` (`country_id`,`country_name`) VALUES ('107','Kazakhstan ')
INSERT INTO `country` (`country_id`,`country_name`) VALUES ('108','Kenya ')
INSERT INTO `country` (`country_id`,`country_name`) VALUES ('109','Kiribati ')
INSERT INTO `country` (`country_id`,`country_name`) VALUES ('11','Aruba ')
INSERT INTO `country` (`country_id`,`country_name`) VALUES ('110','Korea, North ')
INSERT INTO `country` (`country_id`,`country_name`) VALUES ('111','Korea, South ')
INSERT INTO `country` (`country_id`,`country_name`) VALUES ('112','Kuwait ')
INSERT INTO `country` (`country_id`,`country_name`) VALUES ('113','Kyrgyzstan ')
INSERT INTO `country` (`country_id`,`country_name`) VALUES ('114','Laos ')
INSERT INTO `country` (`country_id`,`country_name`) VALUES ('115','Latvia ')
INSERT INTO `country` (`country_id`,`country_name`) VALUES ('116','Lebanon ')
INSERT INTO `country` (`country_id`,`country_name`) VALUES ('117','Lesotho ')
INSERT INTO `country` (`country_id`,`country_name`) VALUES ('118','Liberia ')
INSERT INTO `country` (`country_id`,`country_name`) VALUES ('119','Libya ')
INSERT INTO `country` (`country_id`,`country_name`) VALUES ('12','Australia ')
INSERT INTO `country` (`country_id`,`country_name`) VALUES ('120','Liechtenstein ')
INSERT INTO `country` (`country_id`,`country_name`) VALUES ('121','Lithuania ')
INSERT INTO `country` (`country_id`,`country_name`) VALUES ('122','Luxembourg ')
INSERT INTO `country` (`country_id`,`country_name`) VALUES ('123','Macau ')
INSERT INTO `country` (`country_id`,`country_name`) VALUES ('124','Macedonia ')
INSERT INTO `country` (`country_id`,`country_name`) VALUES ('125','Madagascar ')
INSERT INTO `country` (`country_id`,`country_name`) VALUES ('126','Malawi ')
INSERT INTO `country` (`country_id`,`country_name`) VALUES ('127','Malaysia ')
INSERT INTO `country` (`country_id`,`country_name`) VALUES ('128','Maldives ')
INSERT INTO `country` (`country_id`,`country_name`) VALUES ('129','Mali ')
INSERT INTO `country` (`country_id`,`country_name`) VALUES ('13','Austria ')
INSERT INTO `country` (`country_id`,`country_name`) VALUES ('130','Malta ')
INSERT INTO `country` (`country_id`,`country_name`) VALUES ('131','Marshall Islands ')
INSERT INTO `country` (`country_id`,`country_name`) VALUES ('132','Martinique ')
INSERT INTO `country` (`country_id`,`country_name`) VALUES ('133','Mauritania ')
INSERT INTO `country` (`country_id`,`country_name`) VALUES ('134','Mauritius ')
INSERT INTO `country` (`country_id`,`country_name`) VALUES ('135','Mayotte ')
INSERT INTO `country` (`country_id`,`country_name`) VALUES ('136','Mexico ')
INSERT INTO `country` (`country_id`,`country_name`) VALUES ('137','Micronesia, Fed. St. ')
INSERT INTO `country` (`country_id`,`country_name`) VALUES ('138','Moldova ')
INSERT INTO `country` (`country_id`,`country_name`) VALUES ('139','Monaco ')
INSERT INTO `country` (`country_id`,`country_name`) VALUES ('14','Azerbaijan ')
INSERT INTO `country` (`country_id`,`country_name`) VALUES ('140','Mongolia ')
INSERT INTO `country` (`country_id`,`country_name`) VALUES ('141','Montserrat ')
INSERT INTO `country` (`country_id`,`country_name`) VALUES ('142','Morocco ')
INSERT INTO `country` (`country_id`,`country_name`) VALUES ('143','Mozambique ')
INSERT INTO `country` (`country_id`,`country_name`) VALUES ('144','Namibia ')
INSERT INTO `country` (`country_id`,`country_name`) VALUES ('145','Nauru ')
INSERT INTO `country` (`country_id`,`country_name`) VALUES ('146','Nepal ')
INSERT INTO `country` (`country_id`,`country_name`) VALUES ('147','Netherlands ')
INSERT INTO `country` (`country_id`,`country_name`) VALUES ('148','Netherlands Antilles ')

INSERT INTO `country` (`country_id`,`country_name`) VALUES ('149','New Caledonia ')
INSERT INTO `country` (`country_id`,`country_name`) VALUES ('15','Bahamas, The ')
INSERT INTO `country` (`country_id`,`country_name`) VALUES ('150','New Zealand ')
INSERT INTO `country` (`country_id`,`country_name`) VALUES ('151','Nicaragua ')
INSERT INTO `country` (`country_id`,`country_name`) VALUES ('152','Niger ')
INSERT INTO `country` (`country_id`,`country_name`) VALUES ('153','Nigeria ')
INSERT INTO `country` (`country_id`,`country_name`) VALUES ('154','N. Mariana Islands ')
INSERT INTO `country` (`country_id`,`country_name`) VALUES ('155','Norway ')
INSERT INTO `country` (`country_id`,`country_name`) VALUES ('156','Oman ')
INSERT INTO `country` (`country_id`,`country_name`) VALUES ('157','Pakistan ')
INSERT INTO `country` (`country_id`,`country_name`) VALUES ('158','Palau ')
INSERT INTO `country` (`country_id`,`country_name`) VALUES ('159','Panama ')
INSERT INTO `country` (`country_id`,`country_name`) VALUES ('16','Bahrain ')
INSERT INTO `country` (`country_id`,`country_name`) VALUES ('160','Papua New Guinea ')
INSERT INTO `country` (`country_id`,`country_name`) VALUES ('161','Paraguay ')
INSERT INTO `country` (`country_id`,`country_name`) VALUES ('162','Peru ')
INSERT INTO `country` (`country_id`,`country_name`) VALUES ('163','Philippines ')
INSERT INTO `country` (`country_id`,`country_name`) VALUES ('164','Poland ')
INSERT INTO `country` (`country_id`,`country_name`) VALUES ('165','Portugal ')
INSERT INTO `country` (`country_id`,`country_name`) VALUES ('166','Puerto Rico ')
INSERT INTO `country` (`country_id`,`country_name`) VALUES ('167','Qatar ')
INSERT INTO `country` (`country_id`,`country_name`) VALUES ('168','Reunion ')
INSERT INTO `country` (`country_id`,`country_name`) VALUES ('169','Romania ')
INSERT INTO `country` (`country_id`,`country_name`) VALUES ('17','Bangladesh ')
INSERT INTO `country` (`country_id`,`country_name`) VALUES ('170','Russia ')
INSERT INTO `country` (`country_id`,`country_name`) VALUES ('171','Rwanda ')
INSERT INTO `country` (`country_id`,`country_name`) VALUES ('172','Saint Helena ')
INSERT INTO `country` (`country_id`,`country_name`) VALUES ('173','Saint Kitts & Nevis ')
INSERT INTO `country` (`country_id`,`country_name`) VALUES ('174','Saint Lucia ')
INSERT INTO `country` (`country_id`,`country_name`) VALUES ('175','St Pierre & Miquelon ')
INSERT INTO `country` (`country_id`,`country_name`) VALUES ('176','Saint Vincent and the Grenadines ')
INSERT INTO `country` (`country_id`,`country_name`) VALUES ('177','Samoa ')
INSERT INTO `country` (`country_id`,`country_name`) VALUES ('178','San Marino ')
INSERT INTO `country` (`country_id`,`country_name`) VALUES ('179','Sao Tome & Principe ')
INSERT INTO `country` (`country_id`,`country_name`) VALUES ('18','Barbados ')
INSERT INTO `country` (`country_id`,`country_name`) VALUES ('180','Saudi Arabia ')
INSERT INTO `country` (`country_id`,`country_name`) VALUES ('181','Senegal ')
INSERT INTO `country` (`country_id`,`country_name`) VALUES ('182','Serbia ')
INSERT INTO `country` (`country_id`,`country_name`) VALUES ('183','Seychelles ')
INSERT INTO `country` (`country_id`,`country_name`) VALUES ('184','Sierra Leone ')
INSERT INTO `country` (`country_id`,`country_name`) VALUES ('185','Singapore ')
INSERT INTO `country` (`country_id`,`country_name`) VALUES ('186','Slovakia ')
INSERT INTO `country` (`country_id`,`country_name`) VALUES ('187','Slovenia ')
INSERT INTO `country` (`country_id`,`country_name`) VALUES ('188','Solomon Islands ')
INSERT INTO `country` (`country_id`,`country_name`) VALUES ('189','Somalia ')
INSERT INTO `country` (`country_id`,`country_name`) VALUES ('19','Belarus ')
INSERT INTO `country` (`country_id`,`country_name`) VALUES ('190','South Africa ')
INSERT INTO `country` (`country_id`,`country_name`) VALUES ('191','Spain ')
INSERT INTO `country` (`country_id`,`country_name`) VALUES ('192','Sri Lanka ')
INSERT INTO `country` (`country_id`,`country_name`) VALUES ('193','Sudan ')

INSERT INTO `country` (`country_id`,`country_name`) VALUES ('194','Suriname ')
INSERT INTO `country` (`country_id`,`country_name`) VALUES ('195','Swaziland ')
INSERT INTO `country` (`country_id`,`country_name`) VALUES ('196','Sweden ')
INSERT INTO `country` (`country_id`,`country_name`) VALUES ('197','Switzerland ')
INSERT INTO `country` (`country_id`,`country_name`) VALUES ('198','Syria ')
INSERT INTO `country` (`country_id`,`country_name`) VALUES ('199','Taiwan ')
INSERT INTO `country` (`country_id`,`country_name`) VALUES ('2','Albania ')
INSERT INTO `country` (`country_id`,`country_name`) VALUES ('20','Belgium ')
INSERT INTO `country` (`country_id`,`country_name`) VALUES ('200','Tajikistan ')
INSERT INTO `country` (`country_id`,`country_name`) VALUES ('201','Tanzania ')
INSERT INTO `country` (`country_id`,`country_name`) VALUES ('202','Thailand ')
INSERT INTO `country` (`country_id`,`country_name`) VALUES ('203','Togo ')
INSERT INTO `country` (`country_id`,`country_name`) VALUES ('204','Tonga ')
INSERT INTO `country` (`country_id`,`country_name`) VALUES ('205','Trinidad & Tobago ')
INSERT INTO `country` (`country_id`,`country_name`) VALUES ('206','Tunisia ')
INSERT INTO `country` (`country_id`,`country_name`) VALUES ('207','Turkey ')
INSERT INTO `country` (`country_id`,`country_name`) VALUES ('208','Turkmenistan ')
INSERT INTO `country` (`country_id`,`country_name`) VALUES ('209','Turks & Caicos Is ')
INSERT INTO `country` (`country_id`,`country_name`) VALUES ('21','Belize ')
INSERT INTO `country` (`country_id`,`country_name`) VALUES ('210','Tuvalu ')
INSERT INTO `country` (`country_id`,`country_name`) VALUES ('211','Uganda ')
INSERT INTO `country` (`country_id`,`country_name`) VALUES ('212','Ukraine ')
INSERT INTO `country` (`country_id`,`country_name`) VALUES ('213','United Arab Emirates ')
INSERT INTO `country` (`country_id`,`country_name`) VALUES ('214','United Kingdom ')
INSERT INTO `country` (`country_id`,`country_name`) VALUES ('215','United States ')
INSERT INTO `country` (`country_id`,`country_name`) VALUES ('216','Uruguay ')
INSERT INTO `country` (`country_id`,`country_name`) VALUES ('217','Uzbekistan ')
INSERT INTO `country` (`country_id`,`country_name`) VALUES ('218','Vanuatu ')
INSERT INTO `country` (`country_id`,`country_name`) VALUES ('219','Venezuela ')
INSERT INTO `country` (`country_id`,`country_name`) VALUES ('22','Benin ')
INSERT INTO `country` (`country_id`,`country_name`) VALUES ('220','Vietnam ')
INSERT INTO `country` (`country_id`,`country_name`) VALUES ('221','Virgin Islands ')
INSERT INTO `country` (`country_id`,`country_name`) VALUES ('222','Wallis and Futuna ')
INSERT INTO `country` (`country_id`,`country_name`) VALUES ('223','West Bank ')
INSERT INTO `country` (`country_id`,`country_name`) VALUES ('224','Western Sahara ')
INSERT INTO `country` (`country_id`,`country_name`) VALUES ('225','Yemen ')
INSERT INTO `country` (`country_id`,`country_name`) VALUES ('226','Zambia ')
INSERT INTO `country` (`country_id`,`country_name`) VALUES ('227','Zimbabwe ')
INSERT INTO `country` (`country_id`,`country_name`) VALUES ('23','Bermuda ')
INSERT INTO `country` (`country_id`,`country_name`) VALUES ('24','Bhutan ')
INSERT INTO `country` (`country_id`,`country_name`) VALUES ('25','Bolivia ')
INSERT INTO `country` (`country_id`,`country_name`) VALUES ('26','Bosnia & Herzegovina ')
INSERT INTO `country` (`country_id`,`country_name`) VALUES ('27','Botswana ')
INSERT INTO `country` (`country_id`,`country_name`) VALUES ('28','Brazil ')
INSERT INTO `country` (`country_id`,`country_name`) VALUES ('29','British Virgin Is. ')
INSERT INTO `country` (`country_id`,`country_name`) VALUES ('3','Algeria ')
INSERT INTO `country` (`country_id`,`country_name`) VALUES ('30','Brunei ')
INSERT INTO `country` (`country_id`,`country_name`) VALUES ('31','Bulgaria ')
INSERT INTO `country` (`country_id`,`country_name`) VALUES ('32','Burkina Faso ')
INSERT INTO `country` (`country_id`,`country_name`) VALUES ('33','Burma ')
INSERT INTO `country` (`country_id`,`country_name`) VALUES ('34','Burundi ')
INSERT INTO `country` (`country_id`,`country_name`) VALUES ('35','Cambodia ')
INSERT INTO `country` (`country_id`,`country_name`) VALUES ('36','Cameroon ')
INSERT INTO `country` (`country_id`,`country_name`) VALUES ('37','Canada ')
INSERT INTO `country` (`country_id`,`country_name`) VALUES ('38','Cape Verde ')
INSERT INTO `country` (`country_id`,`country_name`) VALUES ('39','Cayman Islands ')
INSERT INTO `country` (`country_id`,`country_name`) VALUES ('4','American Samoa ')
INSERT INTO `country` (`country_id`,`country_name`) VALUES ('40','Central African Rep. ')
INSERT INTO `country` (`country_id`,`country_name`) VALUES ('41','Chad ')
INSERT INTO `country` (`country_id`,`country_name`) VALUES ('42','Chile ')
INSERT INTO `country` (`country_id`,`country_name`) VALUES ('43','China ')
INSERT INTO `country` (`country_id`,`country_name`) VALUES ('44','Colombia ')
INSERT INTO `country` (`country_id`,`country_name`) VALUES ('45','Comoros ')
INSERT INTO `country` (`country_id`,`country_name`) VALUES ('46','Congo, Dem. Rep. ')
INSERT INTO `country` (`country_id`,`country_name`) VALUES ('47','Congo, Repub. of the ')
INSERT INTO `country` (`country_id`,`country_name`) VALUES ('48','Cook Islands ')
INSERT INTO `country` (`country_id`,`country_name`) VALUES ('49','Costa Rica ')
INSERT INTO `country` (`country_id`,`country_name`) VALUES ('5','Andorra ')
INSERT INTO `country` (`country_id`,`country_name`) VALUES ('50','Cote d\Ivoire ')
INSERT INTO `country` (`country_id`,`country_name`) VALUES ('51','Croatia ')
INSERT INTO `country` (`country_id`,`country_name`) VALUES ('52','Cuba ')
INSERT INTO `country` (`country_id`,`country_name`) VALUES ('53','Cyprus ')
INSERT INTO `country` (`country_id`,`country_name`) VALUES ('54','Czech Republic ')
INSERT INTO `country` (`country_id`,`country_name`) VALUES ('55','Denmark ')
INSERT INTO `country` (`country_id`,`country_name`) VALUES ('56','Djibouti ')
INSERT INTO `country` (`country_id`,`country_name`) VALUES ('57','Dominica ')
INSERT INTO `country` (`country_id`,`country_name`) VALUES ('58','Dominican Republic ')
INSERT INTO `country` (`country_id`,`country_name`) VALUES ('59','East Timor ')
INSERT INTO `country` (`country_id`,`country_name`) VALUES ('6','Angola ')
INSERT INTO `country` (`country_id`,`country_name`) VALUES ('60','Ecuador ')
INSERT INTO `country` (`country_id`,`country_name`) VALUES ('61','Egypt ')
INSERT INTO `country` (`country_id`,`country_name`) VALUES ('62','El Salvador ')
INSERT INTO `country` (`country_id`,`country_name`) VALUES ('63','Equatorial Guinea ')
INSERT INTO `country` (`country_id`,`country_name`) VALUES ('64','Eritrea ')
INSERT INTO `country` (`country_id`,`country_name`) VALUES ('65','Estonia ')
INSERT INTO `country` (`country_id`,`country_name`) VALUES ('66','Ethiopia ')
INSERT INTO `country` (`country_id`,`country_name`) VALUES ('67','Faroe Islands ')
INSERT INTO `country` (`country_id`,`country_name`) VALUES ('68','Fiji ')
INSERT INTO `country` (`country_id`,`country_name`) VALUES ('69','Finland ')
INSERT INTO `country` (`country_id`,`country_name`) VALUES ('7','Anguilla ')
INSERT INTO `country` (`country_id`,`country_name`) VALUES ('70','France ')
INSERT INTO `country` (`country_id`,`country_name`) VALUES ('71','French Guiana ')
INSERT INTO `country` (`country_id`,`country_name`) VALUES ('72','French Polynesia ')
INSERT INTO `country` (`country_id`,`country_name`) VALUES ('73','Gabon ')
INSERT INTO `country` (`country_id`,`country_name`) VALUES ('74','Gambia, The ')
INSERT INTO `country` (`country_id`,`country_name`) VALUES ('75','Gaza Strip ')
INSERT INTO `country` (`country_id`,`country_name`) VALUES ('76','Georgia ')
INSERT INTO `country` (`country_id`,`country_name`) VALUES ('77','Germany ')
INSERT INTO `country` (`country_id`,`country_name`) VALUES ('78','Ghana ')
INSERT INTO `country` (`country_id`,`country_name`) VALUES ('79','Gibraltar ')
INSERT INTO `country` (`country_id`,`country_name`) VALUES ('8','Antigua & Barbuda ')
INSERT INTO `country` (`country_id`,`country_name`) VALUES ('80','Greece ')
INSERT INTO `country` (`country_id`,`country_name`) VALUES ('81','Greenland ')
INSERT INTO `country` (`country_id`,`country_name`) VALUES ('82','Grenada ')
INSERT INTO `country` (`country_id`,`country_name`) VALUES ('83','Guadeloupe ')
INSERT INTO `country` (`country_id`,`country_name`) VALUES ('84','Guam ')
INSERT INTO `country` (`country_id`,`country_name`) VALUES ('85','Guatemala ')
INSERT INTO `country` (`country_id`,`country_name`) VALUES ('86','Guernsey ')
INSERT INTO `country` (`country_id`,`country_name`) VALUES ('87','Guinea ')
INSERT INTO `country` (`country_id`,`country_name`) VALUES ('88','Guinea-Bissau ')
INSERT INTO `country` (`country_id`,`country_name`) VALUES ('89','Guyana ')
INSERT INTO `country` (`country_id`,`country_name`) VALUES ('9','Argentina ')
INSERT INTO `country` (`country_id`,`country_name`) VALUES ('90','Haiti ')
INSERT INTO `country` (`country_id`,`country_name`) VALUES ('91','Honduras ')
INSERT INTO `country` (`country_id`,`country_name`) VALUES ('92','Hong Kong ')
INSERT INTO `country` (`country_id`,`country_name`) VALUES ('93','Hungary ')
INSERT INTO `country` (`country_id`,`country_name`) VALUES ('94','Iceland ')
INSERT INTO `country` (`country_id`,`country_name`) VALUES ('95','India ')
INSERT INTO `country` (`country_id`,`country_name`) VALUES ('96','Indonesia ')
INSERT INTO `country` (`country_id`,`country_name`) VALUES ('97','Iran ')
INSERT INTO `country` (`country_id`,`country_name`) VALUES ('98','Iraq ')
INSERT INTO `country` (`country_id`,`country_name`) VALUES ('99','Ireland ')

INSERT INTO `state` (`state_id`,`state_name`,`country_id`) VALUES ('1','JAMMU & KASHMIR','95')
INSERT INTO `state` (`state_id`,`state_name`,`country_id`) VALUES ('10','BIHAR','95')
INSERT INTO `state` (`state_id`,`state_name`,`country_id`) VALUES ('11','SIKKIM','95')
INSERT INTO `state` (`state_id`,`state_name`,`country_id`) VALUES ('12','ARUNACHAL PRADESH','95')
INSERT INTO `state` (`state_id`,`state_name`,`country_id`) VALUES ('13','NAGALAND','95')
INSERT INTO `state` (`state_id`,`state_name`,`country_id`) VALUES ('14','MANIPUR ','95')
INSERT INTO `state` (`state_id`,`state_name`,`country_id`) VALUES ('15','MIZORAM','95')
INSERT INTO `state` (`state_id`,`state_name`,`country_id`) VALUES ('16','TRIPURA','95')
INSERT INTO `state` (`state_id`,`state_name`,`country_id`) VALUES ('17','MEGHALAYA','95')
INSERT INTO `state` (`state_id`,`state_name`,`country_id`) VALUES ('18','ASSAM','95')
INSERT INTO `state` (`state_id`,`state_name`,`country_id`) VALUES ('19','WEST BENGAL','95')
INSERT INTO `state` (`state_id`,`state_name`,`country_id`) VALUES ('2','HIMACHAL PRADESH','95')
INSERT INTO `state` (`state_id`,`state_name`,`country_id`) VALUES ('20','JHARKHAND','95')
INSERT INTO `state` (`state_id`,`state_name`,`country_id`) VALUES ('21','ORISSA','95')
INSERT INTO `state` (`state_id`,`state_name`,`country_id`) VALUES ('22','CHHATTISGARH','95')
INSERT INTO `state` (`state_id`,`state_name`,`country_id`) VALUES ('23','MADHYA PRADESH','95')
INSERT INTO `state` (`state_id`,`state_name`,`country_id`) VALUES ('24','GUJARAT','95')
INSERT INTO `state` (`state_id`,`state_name`,`country_id`) VALUES ('25','DAMAN & DIU ','95')
INSERT INTO `state` (`state_id`,`state_name`,`country_id`) VALUES ('26','DADRA & NAGAR HAVELI ','95')
INSERT INTO `state` (`state_id`,`state_name`,`country_id`) VALUES ('27','MAHARASHTRA','95')
INSERT INTO `state` (`state_id`,`state_name`,`country_id`) VALUES ('28','ANDHRA PRADESH','95')
INSERT INTO `state` (`state_id`,`state_name`,`country_id`) VALUES ('29','KARNATAKA','95')
INSERT INTO `state` (`state_id`,`state_name`,`country_id`) VALUES ('3','PUNJAB','95')
INSERT INTO `state` (`state_id`,`state_name`,`country_id`) VALUES ('30','GOA','95')
INSERT INTO `state` (`state_id`,`state_name`,`country_id`) VALUES ('31','LAKSHADWEEP ','95')
INSERT INTO `state` (`state_id`,`state_name`,`country_id`) VALUES ('32','KERALA','95')
INSERT INTO `state` (`state_id`,`state_name`,`country_id`) VALUES ('33','TAMIL NADU','95')
INSERT INTO `state` (`state_id`,`state_name`,`country_id`) VALUES ('34','PUDUCHERRY ','95')
INSERT INTO `state` (`state_id`,`state_name`,`country_id`) VALUES ('35','Andaman and Nicobar Islands','95')
INSERT INTO `state` (`state_id`,`state_name`,`country_id`) VALUES ('4','CHANDIGARH ','95')
INSERT INTO `state` (`state_id`,`state_name`,`country_id`) VALUES ('5','UTTARAKHAND','95')
INSERT INTO `state` (`state_id`,`state_name`,`country_id`) VALUES ('6','HARYANA','95')
INSERT INTO `state` (`state_id`,`state_name`,`country_id`) VALUES ('7','NEW DELHI ','95')
INSERT INTO `state` (`state_id`,`state_name`,`country_id`) VALUES ('8','RAJASTHAN','95')
INSERT INTO `state` (`state_id`,`state_name`,`country_id`) VALUES ('9','UTTAR PRADESH','95')

INSERT INTO `city` (`city_id`,`city_name`,`state_id`) VALUES ('1','Anantnag','1')
INSERT INTO `city` (`city_id`,`city_name`,`state_id`) VALUES ('10','Lahul and Spiti','2')
INSERT INTO `city` (`city_id`,`city_name`,`state_id`) VALUES ('100','Bulandshahr','9')
INSERT INTO `city` (`city_id`,`city_name`,`state_id`) VALUES ('101','Chandauli ','9')
INSERT INTO `city` (`city_id`,`city_name`,`state_id`) VALUES ('102','Chitrakoot ','9')
INSERT INTO `city` (`city_id`,`city_name`,`state_id`) VALUES ('103','Deoria','9')
INSERT INTO `city` (`city_id`,`city_name`,`state_id`) VALUES ('104','Etah','9')
INSERT INTO `city` (`city_id`,`city_name`,`state_id`) VALUES ('105','Etawah','9')
INSERT INTO `city` (`city_id`,`city_name`,`state_id`) VALUES ('106','Faizabad','9')
INSERT INTO `city` (`city_id`,`city_name`,`state_id`) VALUES ('107','Farrukhabad','9')
INSERT INTO `city` (`city_id`,`city_name`,`state_id`) VALUES ('108','Fatehpur','9')
INSERT INTO `city` (`city_id`,`city_name`,`state_id`) VALUES ('109','Firozabad','9')
INSERT INTO `city` (`city_id`,`city_name`,`state_id`) VALUES ('11','Hamirpur','2')
INSERT INTO `city` (`city_id`,`city_name`,`state_id`) VALUES ('110','Gautam Buddha Nagar ','9')
INSERT INTO `city` (`city_id`,`city_name`,`state_id`) VALUES ('111','Ghaziabad','9')
INSERT INTO `city` (`city_id`,`city_name`,`state_id`) VALUES ('112','Ghazipur','9')
INSERT INTO `city` (`city_id`,`city_name`,`state_id`) VALUES ('113','Gonda','9')
INSERT INTO `city` (`city_id`,`city_name`,`state_id`) VALUES ('114','Gorakhpur','9')
INSERT INTO `city` (`city_id`,`city_name`,`state_id`) VALUES ('115','Hamirpur','9')
INSERT INTO `city` (`city_id`,`city_name`,`state_id`) VALUES ('116','Hardoi','9')
INSERT INTO `city` (`city_id`,`city_name`,`state_id`) VALUES ('117','Hathras ','9')
INSERT INTO `city` (`city_id`,`city_name`,`state_id`) VALUES ('118','Jalaun ','9')
INSERT INTO `city` (`city_id`,`city_name`,`state_id`) VALUES ('119','Jaunpur','9')
INSERT INTO `city` (`city_id`,`city_name`,`state_id`) VALUES ('12','Kullu','2')
INSERT INTO `city` (`city_id`,`city_name`,`state_id`) VALUES ('120','Jhansi','9')
INSERT INTO `city` (`city_id`,`city_name`,`state_id`) VALUES ('121','Jyotiba Phule Nagar ','9')
INSERT INTO `city` (`city_id`,`city_name`,`state_id`) VALUES ('122','Kannauj ','9')
INSERT INTO `city` (`city_id`,`city_name`,`state_id`) VALUES ('123','Kanpur Dehat','9')
INSERT INTO `city` (`city_id`,`city_name`,`state_id`) VALUES ('124','Kanpur Nagar','9')
INSERT INTO `city` (`city_id`,`city_name`,`state_id`) VALUES ('125','Kaushambi ','9')
INSERT INTO `city` (`city_id`,`city_name`,`state_id`) VALUES ('126','Kheri','9')
INSERT INTO `city` (`city_id`,`city_name`,`state_id`) VALUES ('127','Kushinagar ','9')
INSERT INTO `city` (`city_id`,`city_name`,`state_id`) VALUES ('128','Lalitpur','9')
INSERT INTO `city` (`city_id`,`city_name`,`state_id`) VALUES ('129','Lucknow','9')
INSERT INTO `city` (`city_id`,`city_name`,`state_id`) VALUES ('13','Una','2')
INSERT INTO `city` (`city_id`,`city_name`,`state_id`) VALUES ('130','Maharajganj','9')
INSERT INTO `city` (`city_id`,`city_name`,`state_id`) VALUES ('131','Mahoba ','9')
INSERT INTO `city` (`city_id`,`city_name`,`state_id`) VALUES ('132','Mainpuri','9')
INSERT INTO `city` (`city_id`,`city_name`,`state_id`) VALUES ('133','Mathura','9')
INSERT INTO `city` (`city_id`,`city_name`,`state_id`) VALUES ('134','Mau','9')
INSERT INTO `city` (`city_id`,`city_name`,`state_id`) VALUES ('135','Meerut','9')
INSERT INTO `city` (`city_id`,`city_name`,`state_id`) VALUES ('136','Mirzapur','9')
INSERT INTO `city` (`city_id`,`city_name`,`state_id`) VALUES ('137','Moradabad','9')
INSERT INTO `city` (`city_id`,`city_name`,`state_id`) VALUES ('138','Muzaffarnagar','9')
INSERT INTO `city` (`city_id`,`city_name`,`state_id`) VALUES ('139','Pilibhit','9')
INSERT INTO `city` (`city_id`,`city_name`,`state_id`) VALUES ('14','Solan','2')
INSERT INTO `city` (`city_id`,`city_name`,`state_id`) VALUES ('140','Pratapgarh','9')
INSERT INTO `city` (`city_id`,`city_name`,`state_id`) VALUES ('141','Rae Bareli','9')
INSERT INTO `city` (`city_id`,`city_name`,`state_id`) VALUES ('142','Rampur','9')
INSERT INTO `city` (`city_id`,`city_name`,`state_id`) VALUES ('143','Saharanpur','9')
INSERT INTO `city` (`city_id`,`city_name`,`state_id`) VALUES ('144','Sant Kabir Nagar ','9')
INSERT INTO `city` (`city_id`,`city_name`,`state_id`) VALUES ('145','Sant Ravidas Ngr Bhadohi','9')
INSERT INTO `city` (`city_id`,`city_name`,`state_id`) VALUES ('146','Shahjahanpur','9')
INSERT INTO `city` (`city_id`,`city_name`,`state_id`) VALUES ('147','Shrawasti ','9')
INSERT INTO `city` (`city_id`,`city_name`,`state_id`) VALUES ('148','Siddharthnagar','9')
INSERT INTO `city` (`city_id`,`city_name`,`state_id`) VALUES ('149','Sitapur','9')
INSERT INTO `city` (`city_id`,`city_name`,`state_id`) VALUES ('15','Patiala','3')
INSERT INTO `city` (`city_id`,`city_name`,`state_id`) VALUES ('150','Sonbhadra','9')
INSERT INTO `city` (`city_id`,`city_name`,`state_id`) VALUES ('151','Sultanpur','9')
INSERT INTO `city` (`city_id`,`city_name`,`state_id`) VALUES ('152','Unnao','9')
INSERT INTO `city` (`city_id`,`city_name`,`state_id`) VALUES ('153','Varanasi','9')
INSERT INTO `city` (`city_id`,`city_name`,`state_id`) VALUES ('154','Araria','10')
INSERT INTO `city` (`city_id`,`city_name`,`state_id`) VALUES ('155','Aurangabad','10')
INSERT INTO `city` (`city_id`,`city_name`,`state_id`) VALUES ('156','Banka','10')
INSERT INTO `city` (`city_id`,`city_name`,`state_id`) VALUES ('157','Begusarai','10')
INSERT INTO `city` (`city_id`,`city_name`,`state_id`) VALUES ('158','Bhagalpur','10')
INSERT INTO `city` (`city_id`,`city_name`,`state_id`) VALUES ('159','Bhojpur','10')
INSERT INTO `city` (`city_id`,`city_name`,`state_id`) VALUES ('16','Ludhiana','3')
INSERT INTO `city` (`city_id`,`city_name`,`state_id`) VALUES ('160','Buxar','10')
INSERT INTO `city` (`city_id`,`city_name`,`state_id`) VALUES ('161','Darbhanga','10')
INSERT INTO `city` (`city_id`,`city_name`,`state_id`) VALUES ('162','Gaya','10')
INSERT INTO `city` (`city_id`,`city_name`,`state_id`) VALUES ('163','Gopalganj','10')
INSERT INTO `city` (`city_id`,`city_name`,`state_id`) VALUES ('164','Jamui','10')
INSERT INTO `city` (`city_id`,`city_name`,`state_id`) VALUES ('165','Jehanabad','10')
INSERT INTO `city` (`city_id`,`city_name`,`state_id`) VALUES ('166','Kaimur (Bhabua)','10')
INSERT INTO `city` (`city_id`,`city_name`,`state_id`) VALUES ('167','Katihar','10')
INSERT INTO `city` (`city_id`,`city_name`,`state_id`) VALUES ('168','Khagaria','10')
INSERT INTO `city` (`city_id`,`city_name`,`state_id`) VALUES ('169','Kishanganj','10')
INSERT INTO `city` (`city_id`,`city_name`,`state_id`) VALUES ('17','Sangrur','3')
INSERT INTO `city` (`city_id`,`city_name`,`state_id`) VALUES ('170','Lakhisarai','10')
INSERT INTO `city` (`city_id`,`city_name`,`state_id`) VALUES ('171','Madhepura','10')
INSERT INTO `city` (`city_id`,`city_name`,`state_id`) VALUES ('172','Madhubani','10')
INSERT INTO `city` (`city_id`,`city_name`,`state_id`) VALUES ('173','Munger','10')
INSERT INTO `city` (`city_id`,`city_name`,`state_id`) VALUES ('174','Muzaffarpur','10')
INSERT INTO `city` (`city_id`,`city_name`,`state_id`) VALUES ('175','Nalanda','10')
INSERT INTO `city` (`city_id`,`city_name`,`state_id`) VALUES ('176','Nawada','10')
INSERT INTO `city` (`city_id`,`city_name`,`state_id`) VALUES ('177','Pashchim Champaran','10')
INSERT INTO `city` (`city_id`,`city_name`,`state_id`) VALUES ('178','Patna','10')
INSERT INTO `city` (`city_id`,`city_name`,`state_id`) VALUES ('179','Purba Champaran','10')
INSERT INTO `city` (`city_id`,`city_name`,`state_id`) VALUES ('18','Mukatsar','3')
INSERT INTO `city` (`city_id`,`city_name`,`state_id`) VALUES ('180','Purnia','10')
INSERT INTO `city` (`city_id`,`city_name`,`state_id`) VALUES ('181','Rohtas','10')
INSERT INTO `city` (`city_id`,`city_name`,`state_id`) VALUES ('182','Saharsa','10')
INSERT INTO `city` (`city_id`,`city_name`,`state_id`) VALUES ('183','Samastipur','10')
INSERT INTO `city` (`city_id`,`city_name`,`state_id`) VALUES ('184','Saran','10')
INSERT INTO `city` (`city_id`,`city_name`,`state_id`) VALUES ('185','Sheikhpura','10')
INSERT INTO `city` (`city_id`,`city_name`,`state_id`) VALUES ('186','Sheohar','10')
INSERT INTO `city` (`city_id`,`city_name`,`state_id`) VALUES ('187','Sitamarhi','10')
INSERT INTO `city` (`city_id`,`city_name`,`state_id`) VALUES ('188','Siwan','10')
INSERT INTO `city` (`city_id`,`city_name`,`state_id`) VALUES ('189','Supaul','10')
INSERT INTO `city` (`city_id`,`city_name`,`state_id`) VALUES ('19','Amritsar','3')
INSERT INTO `city` (`city_id`,`city_name`,`state_id`) VALUES ('190','Vaishali','10')
INSERT INTO `city` (`city_id`,`city_name`,`state_id`) VALUES ('191','West Sikkim','11')
INSERT INTO `city` (`city_id`,`city_name`,`state_id`) VALUES ('192','Anjaw','12')
INSERT INTO `city` (`city_id`,`city_name`,`state_id`) VALUES ('193','Changlang','12')
INSERT INTO `city` (`city_id`,`city_name`,`state_id`) VALUES ('194','Dibang valley','12')
INSERT INTO `city` (`city_id`,`city_name`,`state_id`) VALUES ('195','East kameng','12')
INSERT INTO `city` (`city_id`,`city_name`,`state_id`) VALUES ('196','East Siang','12')
INSERT INTO `city` (`city_id`,`city_name`,`state_id`) VALUES ('197','Wokha','13')
INSERT INTO `city` (`city_id`,`city_name`,`state_id`) VALUES ('198','Phek','13')
INSERT INTO `city` (`city_id`,`city_name`,`state_id`) VALUES ('199','Tuensang','13')
INSERT INTO `city` (`city_id`,`city_name`,`state_id`) VALUES ('2','Bandipora','1')
INSERT INTO `city` (`city_id`,`city_name`,`state_id`) VALUES ('20','Moga','3')
INSERT INTO `city` (`city_id`,`city_name`,`state_id`) VALUES ('200','Mon','13')
INSERT INTO `city` (`city_id`,`city_name`,`state_id`) VALUES ('201','Kohima','13')
INSERT INTO `city` (`city_id`,`city_name`,`state_id`) VALUES ('202','Zunheboto','13')
INSERT INTO `city` (`city_id`,`city_name`,`state_id`) VALUES ('203','Imphal East','14')
INSERT INTO `city` (`city_id`,`city_name`,`state_id`) VALUES ('204','Senapati','14')
INSERT INTO `city` (`city_id`,`city_name`,`state_id`) VALUES ('205','Ukhrul','14')
INSERT INTO `city` (`city_id`,`city_name`,`state_id`) VALUES ('206','Tamenglong','14')
INSERT INTO `city` (`city_id`,`city_name`,`state_id`) VALUES ('207','Thoubal','14')
INSERT INTO `city` (`city_id`,`city_name`,`state_id`) VALUES ('208','Aizawal','15')
INSERT INTO `city` (`city_id`,`city_name`,`state_id`) VALUES ('209','Champhai','15')
INSERT INTO `city` (`city_id`,`city_name`,`state_id`) VALUES ('21','Hoshiarpur','3')
INSERT INTO `city` (`city_id`,`city_name`,`state_id`) VALUES ('210','Lunglei District','15')
INSERT INTO `city` (`city_id`,`city_name`,`state_id`) VALUES ('211','Mamit','15')
INSERT INTO `city` (`city_id`,`city_name`,`state_id`) VALUES ('212','Dhalai','16')
INSERT INTO `city` (`city_id`,`city_name`,`state_id`) VALUES ('213','West Tripura','16')
INSERT INTO `city` (`city_id`,`city_name`,`state_id`) VALUES ('214','South Tripura','16')
INSERT INTO `city` (`city_id`,`city_name`,`state_id`) VALUES ('215','North Tripura','16')
INSERT INTO `city` (`city_id`,`city_name`,`state_id`) VALUES ('216','Khowai','16')
INSERT INTO `city` (`city_id`,`city_name`,`state_id`) VALUES ('217','Ri-Bhoi District','17')
INSERT INTO `city` (`city_id`,`city_name`,`state_id`) VALUES ('218','South Garo Hills','17')
INSERT INTO `city` (`city_id`,`city_name`,`state_id`) VALUES ('219','East Khasi Hill','17')
INSERT INTO `city` (`city_id`,`city_name`,`state_id`) VALUES ('22','Faridkot','3')
INSERT INTO `city` (`city_id`,`city_name`,`state_id`) VALUES ('220','East Garo Hill','17')
INSERT INTO `city` (`city_id`,`city_name`,`state_id`) VALUES ('221','Barpeta','18')
INSERT INTO `city` (`city_id`,`city_name`,`state_id`) VALUES ('222','Bongaigaon','18')
INSERT INTO `city` (`city_id`,`city_name`,`state_id`) VALUES ('223','Cachar','18')
INSERT INTO `city` (`city_id`,`city_name`,`state_id`) VALUES ('224','Darrang','18')
INSERT INTO `city` (`city_id`,`city_name`,`state_id`) VALUES ('225','Dhemaji','18')
INSERT INTO `city` (`city_id`,`city_name`,`state_id`) VALUES ('226','Dhubri','18')
INSERT INTO `city` (`city_id`,`city_name`,`state_id`) VALUES ('227','Dibrugarh','18')
INSERT INTO `city` (`city_id`,`city_name`,`state_id`) VALUES ('228','Goalpara','18')
INSERT INTO `city` (`city_id`,`city_name`,`state_id`) VALUES ('229','Golaghat','18')
INSERT INTO `city` (`city_id`,`city_name`,`state_id`) VALUES ('23','Barnala','3')
INSERT INTO `city` (`city_id`,`city_name`,`state_id`) VALUES ('230','Hailakandi','18')
INSERT INTO `city` (`city_id`,`city_name`,`state_id`) VALUES ('231','Jorhat','18')
INSERT INTO `city` (`city_id`,`city_name`,`state_id`) VALUES ('232','Kamrup','18')
INSERT INTO `city` (`city_id`,`city_name`,`state_id`) VALUES ('233','Karbi Anglong','18')
INSERT INTO `city` (`city_id`,`city_name`,`state_id`) VALUES ('234','Karimganj','18')
INSERT INTO `city` (`city_id`,`city_name`,`state_id`) VALUES ('235','Kokrajhar','18')
INSERT INTO `city` (`city_id`,`city_name`,`state_id`) VALUES ('236','Lakhimpur','18')
INSERT INTO `city` (`city_id`,`city_name`,`state_id`) VALUES ('237','Marigaon','18')
INSERT INTO `city` (`city_id`,`city_name`,`state_id`) VALUES ('238','Nagaon','18')
INSERT INTO `city` (`city_id`,`city_name`,`state_id`) VALUES ('239','Nalbari','18')
INSERT INTO `city` (`city_id`,`city_name`,`state_id`) VALUES ('24','Tarn Taran','3')
INSERT INTO `city` (`city_id`,`city_name`,`state_id`) VALUES ('240','North Cachar Hills','18')
INSERT INTO `city` (`city_id`,`city_name`,`state_id`) VALUES ('241','Sibsagar','18')
INSERT INTO `city` (`city_id`,`city_name`,`state_id`) VALUES ('242','Sonitpur','18')
INSERT INTO `city` (`city_id`,`city_name`,`state_id`) VALUES ('243','Tinsukia','18')
INSERT INTO `city` (`city_id`,`city_name`,`state_id`) VALUES ('244','Bankura ','19')
INSERT INTO `city` (`city_id`,`city_name`,`state_id`) VALUES ('245','Barddhaman ','19')
INSERT INTO `city` (`city_id`,`city_name`,`state_id`) VALUES ('246','Birbhum','19')
INSERT INTO `city` (`city_id`,`city_name`,`state_id`) VALUES ('247','Dakshin Dinajpur ','19')
INSERT INTO `city` (`city_id`,`city_name`,`state_id`) VALUES ('248','Darjiling ','19')
INSERT INTO `city` (`city_id`,`city_name`,`state_id`) VALUES ('249','Howrah','19')
INSERT INTO `city` (`city_id`,`city_name`,`state_id`) VALUES ('25','Sas Nagar','3')
INSERT INTO `city` (`city_id`,`city_name`,`state_id`) VALUES ('250','Hooghly','19')
INSERT INTO `city` (`city_id`,`city_name`,`state_id`) VALUES ('251','Jalpaiguri ','19')
INSERT INTO `city` (`city_id`,`city_name`,`state_id`) VALUES ('252','Koch Bihar ','19')
INSERT INTO `city` (`city_id`,`city_name`,`state_id`) VALUES ('253','Malda','19')
INSERT INTO `city` (`city_id`,`city_name`,`state_id`) VALUES ('254','Medinipur ','19')
INSERT INTO `city` (`city_id`,`city_name`,`state_id`) VALUES ('255','Murshidabad ','19')
INSERT INTO `city` (`city_id`,`city_name`,`state_id`) VALUES ('256','Nadia ','19')
INSERT INTO `city` (`city_id`,`city_name`,`state_id`) VALUES ('257','North 24 Parganas','19')
INSERT INTO `city` (`city_id`,`city_name`,`state_id`) VALUES ('258','Puruliya','19')
INSERT INTO `city` (`city_id`,`city_name`,`state_id`) VALUES ('259','South  24 Parganas','19')
INSERT INTO `city` (`city_id`,`city_name`,`state_id`) VALUES ('26','Kapurthala','3')
INSERT INTO `city` (`city_id`,`city_name`,`state_id`) VALUES ('260','Uttar Dinajpur','19')
INSERT INTO `city` (`city_id`,`city_name`,`state_id`) VALUES ('261','Coochbehar','19')
INSERT INTO `city` (`city_id`,`city_name`,`state_id`) VALUES ('262','Siliguri','19')
INSERT INTO `city` (`city_id`,`city_name`,`state_id`) VALUES ('263','(Chaibasa) West Singhbhum','20')
INSERT INTO `city` (`city_id`,`city_name`,`state_id`) VALUES ('264','Godda','20')
INSERT INTO `city` (`city_id`,`city_name`,`state_id`) VALUES ('265','Giridih','20')
INSERT INTO `city` (`city_id`,`city_name`,`state_id`) VALUES ('266','Dumka','20')
INSERT INTO `city` (`city_id`,`city_name`,`state_id`) VALUES ('267','Sahibganj','20')
INSERT INTO `city` (`city_id`,`city_name`,`state_id`) VALUES ('268','Garhwa','20')
INSERT INTO `city` (`city_id`,`city_name`,`state_id`) VALUES ('269','Jamshedpur (East Singhbhum)','20')
INSERT INTO `city` (`city_id`,`city_name`,`state_id`) VALUES ('27','Jalandhar','3')
INSERT INTO `city` (`city_id`,`city_name`,`state_id`) VALUES ('270','Pakur','20')
INSERT INTO `city` (`city_id`,`city_name`,`state_id`) VALUES ('271','Simdega','20')
INSERT INTO `city` (`city_id`,`city_name`,`state_id`) VALUES ('272','Ranchi','20')
INSERT INTO `city` (`city_id`,`city_name`,`state_id`) VALUES ('273','Chatra','20')
INSERT INTO `city` (`city_id`,`city_name`,`state_id`) VALUES ('274','Latehar','20')
INSERT INTO `city` (`city_id`,`city_name`,`state_id`) VALUES ('275','Gumla','20')
INSERT INTO `city` (`city_id`,`city_name`,`state_id`) VALUES ('276','Palamu','20')
INSERT INTO `city` (`city_id`,`city_name`,`state_id`) VALUES ('277','Dhanbad','20')
INSERT INTO `city` (`city_id`,`city_name`,`state_id`) VALUES ('278','Deoghar','20')
INSERT INTO `city` (`city_id`,`city_name`,`state_id`) VALUES ('279','Jamtara','20')
INSERT INTO `city` (`city_id`,`city_name`,`state_id`) VALUES ('28','Bhatinda','3')
INSERT INTO `city` (`city_id`,`city_name`,`state_id`) VALUES ('280','Lohardaga','20')
INSERT INTO `city` (`city_id`,`city_name`,`state_id`) VALUES ('281','Koderma','20')
INSERT INTO `city` (`city_id`,`city_name`,`state_id`) VALUES ('282','Seraikela-Khar','20')
INSERT INTO `city` (`city_id`,`city_name`,`state_id`) VALUES ('283','Bokaro','20')
INSERT INTO `city` (`city_id`,`city_name`,`state_id`) VALUES ('284','Khunti','20')
INSERT INTO `city` (`city_id`,`city_name`,`state_id`) VALUES ('285','Hazaribag','20')
INSERT INTO `city` (`city_id`,`city_name`,`state_id`) VALUES ('286','Ramgarh','20')
INSERT INTO `city` (`city_id`,`city_name`,`state_id`) VALUES ('287','Balangir','21')
INSERT INTO `city` (`city_id`,`city_name`,`state_id`) VALUES ('288','Nayagarh  ','21')
INSERT INTO `city` (`city_id`,`city_name`,`state_id`) VALUES ('289','Puri','21')
INSERT INTO `city` (`city_id`,`city_name`,`state_id`) VALUES ('29','Gurdaspur','3')
INSERT INTO `city` (`city_id`,`city_name`,`state_id`) VALUES ('290','Nuapada','21')
INSERT INTO `city` (`city_id`,`city_name`,`state_id`) VALUES ('291','Gajapati','21')
INSERT INTO `city` (`city_id`,`city_name`,`state_id`) VALUES ('292','Dhenkanal','21')
INSERT INTO `city` (`city_id`,`city_name`,`state_id`) VALUES ('293','Cuttack','21')
INSERT INTO `city` (`city_id`,`city_name`,`state_id`) VALUES ('294','Khordha ','21')
INSERT INTO `city` (`city_id`,`city_name`,`state_id`) VALUES ('295','Bastar','22')
INSERT INTO `city` (`city_id`,`city_name`,`state_id`) VALUES ('296','Bilaspur','22')
INSERT INTO `city` (`city_id`,`city_name`,`state_id`) VALUES ('297','Dantewada','22')
INSERT INTO `city` (`city_id`,`city_name`,`state_id`) VALUES ('298','Durg','22')
INSERT INTO `city` (`city_id`,`city_name`,`state_id`) VALUES ('299','Janjgir- Champa','22')
INSERT INTO `city` (`city_id`,`city_name`,`state_id`) VALUES ('3','Chamba','2')
INSERT INTO `city` (`city_id`,`city_name`,`state_id`) VALUES ('30','Mansa','3')
INSERT INTO `city` (`city_id`,`city_name`,`state_id`) VALUES ('300','Jashpur','22')
INSERT INTO `city` (`city_id`,`city_name`,`state_id`) VALUES ('301','Kanker','22')
INSERT INTO `city` (`city_id`,`city_name`,`state_id`) VALUES ('302','Kawardha','22')
INSERT INTO `city` (`city_id`,`city_name`,`state_id`) VALUES ('303','Korba','22')
INSERT INTO `city` (`city_id`,`city_name`,`state_id`) VALUES ('304','Koriya','22')
INSERT INTO `city` (`city_id`,`city_name`,`state_id`) VALUES ('305','Mahasamund','22')
INSERT INTO `city` (`city_id`,`city_name`,`state_id`) VALUES ('306','Raigarh','22')
INSERT INTO `city` (`city_id`,`city_name`,`state_id`) VALUES ('307','Rajnandgaon','22')
INSERT INTO `city` (`city_id`,`city_name`,`state_id`) VALUES ('308','Surguja','22')
INSERT INTO `city` (`city_id`,`city_name`,`state_id`) VALUES ('309','Raipur','22')
INSERT INTO `city` (`city_id`,`city_name`,`state_id`) VALUES ('31','Rupnagar','3')
INSERT INTO `city` (`city_id`,`city_name`,`state_id`) VALUES ('310','Balaghat','23')
INSERT INTO `city` (`city_id`,`city_name`,`state_id`) VALUES ('311','Dhar','23')
INSERT INTO `city` (`city_id`,`city_name`,`state_id`) VALUES ('312','Mandla','23')
INSERT INTO `city` (`city_id`,`city_name`,`state_id`) VALUES ('313','Dindori','23')
INSERT INTO `city` (`city_id`,`city_name`,`state_id`) VALUES ('314','Khandwa','23')
INSERT INTO `city` (`city_id`,`city_name`,`state_id`) VALUES ('315','Khargone','23')
INSERT INTO `city` (`city_id`,`city_name`,`state_id`) VALUES ('316','Seoni','23')
INSERT INTO `city` (`city_id`,`city_name`,`state_id`) VALUES ('317','Chhindwara','23')
INSERT INTO `city` (`city_id`,`city_name`,`state_id`) VALUES ('318','Dewas','23')
INSERT INTO `city` (`city_id`,`city_name`,`state_id`) VALUES ('319','Betul','23')
INSERT INTO `city` (`city_id`,`city_name`,`state_id`) VALUES ('32','Nawanshahr','3')
INSERT INTO `city` (`city_id`,`city_name`,`state_id`) VALUES ('320','Alirajpur','23')
INSERT INTO `city` (`city_id`,`city_name`,`state_id`) VALUES ('321','Jhabua','23')
INSERT INTO `city` (`city_id`,`city_name`,`state_id`) VALUES ('322','Barwani','23')
INSERT INTO `city` (`city_id`,`city_name`,`state_id`) VALUES ('323','Shahdol','23')
INSERT INTO `city` (`city_id`,`city_name`,`state_id`) VALUES ('324','Sagar','23')
INSERT INTO `city` (`city_id`,`city_name`,`state_id`) VALUES ('325','Jabalpur','23')
INSERT INTO `city` (`city_id`,`city_name`,`state_id`) VALUES ('326','Ujjain','23')
INSERT INTO `city` (`city_id`,`city_name`,`state_id`) VALUES ('327','Damoh','23')
INSERT INTO `city` (`city_id`,`city_name`,`state_id`) VALUES ('328','Shajapur','23')
INSERT INTO `city` (`city_id`,`city_name`,`state_id`) VALUES ('329','Katni','23')
INSERT INTO `city` (`city_id`,`city_name`,`state_id`) VALUES ('33','Fatehgarh Sahib','3')
INSERT INTO `city` (`city_id`,`city_name`,`state_id`) VALUES ('330','Sehore','23')
INSERT INTO `city` (`city_id`,`city_name`,`state_id`) VALUES ('331','Anuppur','23')
INSERT INTO `city` (`city_id`,`city_name`,`state_id`) VALUES ('332','Mandsaur','23')
INSERT INTO `city` (`city_id`,`city_name`,`state_id`) VALUES ('333','Satna','23')
INSERT INTO `city` (`city_id`,`city_name`,`state_id`) VALUES ('334','Burhanpur','23')
INSERT INTO `city` (`city_id`,`city_name`,`state_id`) VALUES ('335','Ratlam','23')
INSERT INTO `city` (`city_id`,`city_name`,`state_id`) VALUES ('336','Panna','23')
INSERT INTO `city` (`city_id`,`city_name`,`state_id`) VALUES ('337','Rewa','23')
INSERT INTO `city` (`city_id`,`city_name`,`state_id`) VALUES ('338','Umaria','23')
INSERT INTO `city` (`city_id`,`city_name`,`state_id`) VALUES ('339','Indore','23')
INSERT INTO `city` (`city_id`,`city_name`,`state_id`) VALUES ('34','Chandigarh','4')
INSERT INTO `city` (`city_id`,`city_name`,`state_id`) VALUES ('340','Narsinghpur','23')
INSERT INTO `city` (`city_id`,`city_name`,`state_id`) VALUES ('341','Vidisha','23')
INSERT INTO `city` (`city_id`,`city_name`,`state_id`) VALUES ('342','Raisen','23')
INSERT INTO `city` (`city_id`,`city_name`,`state_id`) VALUES ('343','Bhopal','23')
INSERT INTO `city` (`city_id`,`city_name`,`state_id`) VALUES ('344','Harda','23')
INSERT INTO `city` (`city_id`,`city_name`,`state_id`) VALUES ('345','Hoshangabad','23')
INSERT INTO `city` (`city_id`,`city_name`,`state_id`) VALUES ('346','Neemuch','23')
INSERT INTO `city` (`city_id`,`city_name`,`state_id`) VALUES ('347','Ahmadabad','24')
INSERT INTO `city` (`city_id`,`city_name`,`state_id`) VALUES ('348','Amreli','24')
INSERT INTO `city` (`city_id`,`city_name`,`state_id`) VALUES ('349','Anand  ','24')
INSERT INTO `city` (`city_id`,`city_name`,`state_id`) VALUES ('35','Almora','5')
INSERT INTO `city` (`city_id`,`city_name`,`state_id`) VALUES ('350','Banas Kantha','24')
INSERT INTO `city` (`city_id`,`city_name`,`state_id`) VALUES ('351','Bharuch','24')
INSERT INTO `city` (`city_id`,`city_name`,`state_id`) VALUES ('352','Bhavnagar','24')
INSERT INTO `city` (`city_id`,`city_name`,`state_id`) VALUES ('353','Jamnagar','24')
INSERT INTO `city` (`city_id`,`city_name`,`state_id`) VALUES ('354','Junagadh','24')
INSERT INTO `city` (`city_id`,`city_name`,`state_id`) VALUES ('355','Kachchh','24')
INSERT INTO `city` (`city_id`,`city_name`,`state_id`) VALUES ('356','Kheda','24')
INSERT INTO `city` (`city_id`,`city_name`,`state_id`) VALUES ('357','Panch Mahals','24')
INSERT INTO `city` (`city_id`,`city_name`,`state_id`) VALUES ('358','Porbandar  ','24')
INSERT INTO `city` (`city_id`,`city_name`,`state_id`) VALUES ('359','Rajkot','24')
INSERT INTO `city` (`city_id`,`city_name`,`state_id`) VALUES ('36','Bageshwar','5')
INSERT INTO `city` (`city_id`,`city_name`,`state_id`) VALUES ('360','Sabar Kantha','24')
INSERT INTO `city` (`city_id`,`city_name`,`state_id`) VALUES ('361','Surat','24')
INSERT INTO `city` (`city_id`,`city_name`,`state_id`) VALUES ('362','Surendranagar','24')
INSERT INTO `city` (`city_id`,`city_name`,`state_id`) VALUES ('363','Vadodara','24')
INSERT INTO `city` (`city_id`,`city_name`,`state_id`) VALUES ('364','Daman and Diu','25')
INSERT INTO `city` (`city_id`,`city_name`,`state_id`) VALUES ('365','Dadra','26')
INSERT INTO `city` (`city_id`,`city_name`,`state_id`) VALUES ('366','Jalna','27')
INSERT INTO `city` (`city_id`,`city_name`,`state_id`) VALUES ('367','Nanded','27')
INSERT INTO `city` (`city_id`,`city_name`,`state_id`) VALUES ('368','Ahmadnagar','27')
INSERT INTO `city` (`city_id`,`city_name`,`state_id`) VALUES ('369','Chandrapur','27')
INSERT INTO `city` (`city_id`,`city_name`,`state_id`) VALUES ('37','Chamoli','5')
INSERT INTO `city` (`city_id`,`city_name`,`state_id`) VALUES ('370','Thane','27')
INSERT INTO `city` (`city_id`,`city_name`,`state_id`) VALUES ('371','Gadchiroli','27')
INSERT INTO `city` (`city_id`,`city_name`,`state_id`) VALUES ('372','Nashik','27')
INSERT INTO `city` (`city_id`,`city_name`,`state_id`) VALUES ('373','Beed','27')
INSERT INTO `city` (`city_id`,`city_name`,`state_id`) VALUES ('374','Amravati','27')
INSERT INTO `city` (`city_id`,`city_name`,`state_id`) VALUES ('375','Yavatmal','27')
INSERT INTO `city` (`city_id`,`city_name`,`state_id`) VALUES ('376','Gondia','27')
INSERT INTO `city` (`city_id`,`city_name`,`state_id`) VALUES ('377','Bhandara','27')
INSERT INTO `city` (`city_id`,`city_name`,`state_id`) VALUES ('378','Wardha','27')
INSERT INTO `city` (`city_id`,`city_name`,`state_id`) VALUES ('379','Aurangabad','27')
INSERT INTO `city` (`city_id`,`city_name`,`state_id`) VALUES ('38','Champawat','5')
INSERT INTO `city` (`city_id`,`city_name`,`state_id`) VALUES ('380','Nandurbar','27')
INSERT INTO `city` (`city_id`,`city_name`,`state_id`) VALUES ('381','Solapur','27')
INSERT INTO `city` (`city_id`,`city_name`,`state_id`) VALUES ('382','Osmanabad','27')
INSERT INTO `city` (`city_id`,`city_name`,`state_id`) VALUES ('383','Sangli','27')
INSERT INTO `city` (`city_id`,`city_name`,`state_id`) VALUES ('384','Satara','27')
INSERT INTO `city` (`city_id`,`city_name`,`state_id`) VALUES ('385','Latur','27')
INSERT INTO `city` (`city_id`,`city_name`,`state_id`) VALUES ('386','Dhule','27')
INSERT INTO `city` (`city_id`,`city_name`,`state_id`) VALUES ('387','Nagpur','27')
INSERT INTO `city` (`city_id`,`city_name`,`state_id`) VALUES ('388','Buldhana','27')
INSERT INTO `city` (`city_id`,`city_name`,`state_id`) VALUES ('389','Jalgaon','27')
INSERT INTO `city` (`city_id`,`city_name`,`state_id`) VALUES ('39','Dehradun','5')
INSERT INTO `city` (`city_id`,`city_name`,`state_id`) VALUES ('390','Washim','27')
INSERT INTO `city` (`city_id`,`city_name`,`state_id`) VALUES ('391','Akola','27')
INSERT INTO `city` (`city_id`,`city_name`,`state_id`) VALUES ('392','Hingoli','27')
INSERT INTO `city` (`city_id`,`city_name`,`state_id`) VALUES ('393','Pune','27')
INSERT INTO `city` (`city_id`,`city_name`,`state_id`) VALUES ('394','Kolhapur','27')
INSERT INTO `city` (`city_id`,`city_name`,`state_id`) VALUES ('395','Raigarh','27')
INSERT INTO `city` (`city_id`,`city_name`,`state_id`) VALUES ('396','Sindhudurg','27')
INSERT INTO `city` (`city_id`,`city_name`,`state_id`) VALUES ('397','Ratnagiri','27')
INSERT INTO `city` (`city_id`,`city_name`,`state_id`) VALUES ('398','Visakhapatnam','28')
INSERT INTO `city` (`city_id`,`city_name`,`state_id`) VALUES ('399','Anantapur','28')
INSERT INTO `city` (`city_id`,`city_name`,`state_id`) VALUES ('4','Kangra','2')
INSERT INTO `city` (`city_id`,`city_name`,`state_id`) VALUES ('40','Garhwal','5')
INSERT INTO `city` (`city_id`,`city_name`,`state_id`) VALUES ('400','Kurnool','28')
INSERT INTO `city` (`city_id`,`city_name`,`state_id`) VALUES ('401','Vizianagaram','28')
INSERT INTO `city` (`city_id`,`city_name`,`state_id`) VALUES ('402','Srikakulam','28')
INSERT INTO `city` (`city_id`,`city_name`,`state_id`) VALUES ('403','Prakasam','28')
INSERT INTO `city` (`city_id`,`city_name`,`state_id`) VALUES ('404','Nellore','28')
INSERT INTO `city` (`city_id`,`city_name`,`state_id`) VALUES ('405','East Godavari','28')
INSERT INTO `city` (`city_id`,`city_name`,`state_id`) VALUES ('406','Guntur','28')
INSERT INTO `city` (`city_id`,`city_name`,`state_id`) VALUES ('407','Chittoor','28')
INSERT INTO `city` (`city_id`,`city_name`,`state_id`) VALUES ('408','Cuddapah','28')
INSERT INTO `city` (`city_id`,`city_name`,`state_id`) VALUES ('409','West Godavari','28')
INSERT INTO `city` (`city_id`,`city_name`,`state_id`) VALUES ('41','Hardwar','5')
INSERT INTO `city` (`city_id`,`city_name`,`state_id`) VALUES ('410','Krishna','28')
INSERT INTO `city` (`city_id`,`city_name`,`state_id`) VALUES ('411','Gulbarga','29')
INSERT INTO `city` (`city_id`,`city_name`,`state_id`) VALUES ('412','Bijapur','29')
INSERT INTO `city` (`city_id`,`city_name`,`state_id`) VALUES ('413','Tumkur','29')
INSERT INTO `city` (`city_id`,`city_name`,`state_id`) VALUES ('414','Davangere','29')
INSERT INTO `city` (`city_id`,`city_name`,`state_id`) VALUES ('415','Chitradurga','29')
INSERT INTO `city` (`city_id`,`city_name`,`state_id`) VALUES ('416','Belgaum','29')
INSERT INTO `city` (`city_id`,`city_name`,`state_id`) VALUES ('417','Bagalkot','29')
INSERT INTO `city` (`city_id`,`city_name`,`state_id`) VALUES ('418','Koppal','29')
INSERT INTO `city` (`city_id`,`city_name`,`state_id`) VALUES ('419','Hassan','29')
INSERT INTO `city` (`city_id`,`city_name`,`state_id`) VALUES ('42','Nainital','5')
INSERT INTO `city` (`city_id`,`city_name`,`state_id`) VALUES ('420','Ramanagar','29')
INSERT INTO `city` (`city_id`,`city_name`,`state_id`) VALUES ('421','Bellary','29')
INSERT INTO `city` (`city_id`,`city_name`,`state_id`) VALUES ('422','Kolar','29')
INSERT INTO `city` (`city_id`,`city_name`,`state_id`) VALUES ('423','Bidar','29')
INSERT INTO `city` (`city_id`,`city_name`,`state_id`) VALUES ('424','Gadag','29')
INSERT INTO `city` (`city_id`,`city_name`,`state_id`) VALUES ('425','Haveri','29')
INSERT INTO `city` (`city_id`,`city_name`,`state_id`) VALUES ('426','Mandya','29')
INSERT INTO `city` (`city_id`,`city_name`,`state_id`) VALUES ('427','Chamarajanagar','29')
INSERT INTO `city` (`city_id`,`city_name`,`state_id`) VALUES ('428','Mysore','29')
INSERT INTO `city` (`city_id`,`city_name`,`state_id`) VALUES ('429','Shimoga','29')
INSERT INTO `city` (`city_id`,`city_name`,`state_id`) VALUES ('43','Pithoragarh','5')
INSERT INTO `city` (`city_id`,`city_name`,`state_id`) VALUES ('430','Chikmagalur','29')
INSERT INTO `city` (`city_id`,`city_name`,`state_id`) VALUES ('431','Bangalore Rural','29')
INSERT INTO `city` (`city_id`,`city_name`,`state_id`) VALUES ('432','Uttara Kannada','29')
INSERT INTO `city` (`city_id`,`city_name`,`state_id`) VALUES ('433','Dharwad','29')
INSERT INTO `city` (`city_id`,`city_name`,`state_id`) VALUES ('434','Kodagu','29')
INSERT INTO `city` (`city_id`,`city_name`,`state_id`) VALUES ('435','Dakshina Kanna','29')
INSERT INTO `city` (`city_id`,`city_name`,`state_id`) VALUES ('436','Udupi','29')
INSERT INTO `city` (`city_id`,`city_name`,`state_id`) VALUES ('437','Bangalore','29')
INSERT INTO `city` (`city_id`,`city_name`,`state_id`) VALUES ('438','North Goa','30')
INSERT INTO `city` (`city_id`,`city_name`,`state_id`) VALUES ('439','South Goa','30')
INSERT INTO `city` (`city_id`,`city_name`,`state_id`) VALUES ('44','Rudraprayag ','5')
INSERT INTO `city` (`city_id`,`city_name`,`state_id`) VALUES ('440','Lakshadweep','31')
INSERT INTO `city` (`city_id`,`city_name`,`state_id`) VALUES ('441','Idukki','32')
INSERT INTO `city` (`city_id`,`city_name`,`state_id`) VALUES ('442','Kollam','32')
INSERT INTO `city` (`city_id`,`city_name`,`state_id`) VALUES ('443','Thiruvananthapuram','32')
INSERT INTO `city` (`city_id`,`city_name`,`state_id`) VALUES ('444','Kannur','32')
INSERT INTO `city` (`city_id`,`city_name`,`state_id`) VALUES ('445','Palakkad','32')
INSERT INTO `city` (`city_id`,`city_name`,`state_id`) VALUES ('446','Kottayam','32')
INSERT INTO `city` (`city_id`,`city_name`,`state_id`) VALUES ('447','Kozhikode','32')
INSERT INTO `city` (`city_id`,`city_name`,`state_id`) VALUES ('448','Kasaragod','32')
INSERT INTO `city` (`city_id`,`city_name`,`state_id`) VALUES ('449','Alappuzha','32')
INSERT INTO `city` (`city_id`,`city_name`,`state_id`) VALUES ('45','Tehri Garhwal','5')
INSERT INTO `city` (`city_id`,`city_name`,`state_id`) VALUES ('450','Malappuram','32')
INSERT INTO `city` (`city_id`,`city_name`,`state_id`) VALUES ('451','Wayanad','32')
INSERT INTO `city` (`city_id`,`city_name`,`state_id`) VALUES ('452','Thrissur','32')
INSERT INTO `city` (`city_id`,`city_name`,`state_id`) VALUES ('453','Pathanamthitta','32')
INSERT INTO `city` (`city_id`,`city_name`,`state_id`) VALUES ('454','Ernakulam','32')
INSERT INTO `city` (`city_id`,`city_name`,`state_id`) VALUES ('455','Viluppuram','33')
INSERT INTO `city` (`city_id`,`city_name`,`state_id`) VALUES ('456','Cuddalore','33')
INSERT INTO `city` (`city_id`,`city_name`,`state_id`) VALUES ('457','Nagapattinam','33')
INSERT INTO `city` (`city_id`,`city_name`,`state_id`) VALUES ('458','Vellore','33')
INSERT INTO `city` (`city_id`,`city_name`,`state_id`) VALUES ('459','Madurai','33')
INSERT INTO `city` (`city_id`,`city_name`,`state_id`) VALUES ('46','Udham Singh Nagar ','5')
INSERT INTO `city` (`city_id`,`city_name`,`state_id`) VALUES ('460','Pudukkottai','33')
INSERT INTO `city` (`city_id`,`city_name`,`state_id`) VALUES ('461','Thanjavur','33')
INSERT INTO `city` (`city_id`,`city_name`,`state_id`) VALUES ('462','Thiruvarur','33')
INSERT INTO `city` (`city_id`,`city_name`,`state_id`) VALUES ('463','Thiruvallur','33')
INSERT INTO `city` (`city_id`,`city_name`,`state_id`) VALUES ('464','Kancheepuram','33')
INSERT INTO `city` (`city_id`,`city_name`,`state_id`) VALUES ('465','Virudhunagar','33')
INSERT INTO `city` (`city_id`,`city_name`,`state_id`) VALUES ('466','Salem','33')
INSERT INTO `city` (`city_id`,`city_name`,`state_id`) VALUES ('467','Ariyalur','33')
INSERT INTO `city` (`city_id`,`city_name`,`state_id`) VALUES ('468','Ramanathapuram','33')
INSERT INTO `city` (`city_id`,`city_name`,`state_id`) VALUES ('469','Tiruchirappalli','33')
INSERT INTO `city` (`city_id`,`city_name`,`state_id`) VALUES ('47','Uttarkashi','5')
INSERT INTO `city` (`city_id`,`city_name`,`state_id`) VALUES ('470','Dindigul','33')
INSERT INTO `city` (`city_id`,`city_name`,`state_id`) VALUES ('471','Thoothukkudi','33')
INSERT INTO `city` (`city_id`,`city_name`,`state_id`) VALUES ('472','Namakkal','33')
INSERT INTO `city` (`city_id`,`city_name`,`state_id`) VALUES ('473','Dharmapuri','33')
INSERT INTO `city` (`city_id`,`city_name`,`state_id`) VALUES ('474','Tirunelveli','33')
INSERT INTO `city` (`city_id`,`city_name`,`state_id`) VALUES ('475','Karur','33')
INSERT INTO `city` (`city_id`,`city_name`,`state_id`) VALUES ('476','Coimbatore','33')
INSERT INTO `city` (`city_id`,`city_name`,`state_id`) VALUES ('477','Perambalur','33')
INSERT INTO `city` (`city_id`,`city_name`,`state_id`) VALUES ('478','Theni','33')
INSERT INTO `city` (`city_id`,`city_name`,`state_id`) VALUES ('479','Erode','33')
INSERT INTO `city` (`city_id`,`city_name`,`state_id`) VALUES ('48','Hisar','6')
INSERT INTO `city` (`city_id`,`city_name`,`state_id`) VALUES ('480','The Nilgiris','33')
INSERT INTO `city` (`city_id`,`city_name`,`state_id`) VALUES ('481','Kanniyakumari','33')
INSERT INTO `city` (`city_id`,`city_name`,`state_id`) VALUES ('482','Karaikal','34')
INSERT INTO `city` (`city_id`,`city_name`,`state_id`) VALUES ('483','Mahe','34')
INSERT INTO `city` (`city_id`,`city_name`,`state_id`) VALUES ('484','Pondicherry','34')
INSERT INTO `city` (`city_id`,`city_name`,`state_id`) VALUES ('485','Yanam','34')
INSERT INTO `city` (`city_id`,`city_name`,`state_id`) VALUES ('486','Andaman','35')
INSERT INTO `city` (`city_id`,`city_name`,`state_id`) VALUES ('487','Mewat','6')
INSERT INTO `city` (`city_id`,`city_name`,`state_id`) VALUES ('488','Baramulla','1')
INSERT INTO `city` (`city_id`,`city_name`,`state_id`) VALUES ('489','Budgam','1')
INSERT INTO `city` (`city_id`,`city_name`,`state_id`) VALUES ('49','Sirsa','6')
INSERT INTO `city` (`city_id`,`city_name`,`state_id`) VALUES ('490','Doda','1')
INSERT INTO `city` (`city_id`,`city_name`,`state_id`) VALUES ('491','Ganderbal','1')
INSERT INTO `city` (`city_id`,`city_name`,`state_id`) VALUES ('492','Jammu','1')
INSERT INTO `city` (`city_id`,`city_name`,`state_id`) VALUES ('493','Kargil','1')
INSERT INTO `city` (`city_id`,`city_name`,`state_id`) VALUES ('494','Kathua','1')
INSERT INTO `city` (`city_id`,`city_name`,`state_id`) VALUES ('495','Kishtwar','1')
INSERT INTO `city` (`city_id`,`city_name`,`state_id`) VALUES ('496','Kulgam','1')
INSERT INTO `city` (`city_id`,`city_name`,`state_id`) VALUES ('497','Kupwara','1')
INSERT INTO `city` (`city_id`,`city_name`,`state_id`) VALUES ('498','Leh','1')
INSERT INTO `city` (`city_id`,`city_name`,`state_id`) VALUES ('499','Poonch','1')
INSERT INTO `city` (`city_id`,`city_name`,`state_id`) VALUES ('5','Mandi','2')
INSERT INTO `city` (`city_id`,`city_name`,`state_id`) VALUES ('50','Fatehabad','6')
INSERT INTO `city` (`city_id`,`city_name`,`state_id`) VALUES ('500','Pulwama','1')
INSERT INTO `city` (`city_id`,`city_name`,`state_id`) VALUES ('501','Rajouri','1')
INSERT INTO `city` (`city_id`,`city_name`,`state_id`) VALUES ('502','Ramban','1')
INSERT INTO `city` (`city_id`,`city_name`,`state_id`) VALUES ('503','Reasi','1')
INSERT INTO `city` (`city_id`,`city_name`,`state_id`) VALUES ('504','Samba','1')
INSERT INTO `city` (`city_id`,`city_name`,`state_id`) VALUES ('505','Shopian','1')
INSERT INTO `city` (`city_id`,`city_name`,`state_id`) VALUES ('506','Srinagar','1')
INSERT INTO `city` (`city_id`,`city_name`,`state_id`) VALUES ('507','Udhampur','1')
INSERT INTO `city` (`city_id`,`city_name`,`state_id`) VALUES ('508','South Sikkim','11')
INSERT INTO `city` (`city_id`,`city_name`,`state_id`) VALUES ('509','East Sikkim','11')
INSERT INTO `city` (`city_id`,`city_name`,`state_id`) VALUES ('51','Bhiwani','6')
INSERT INTO `city` (`city_id`,`city_name`,`state_id`) VALUES ('510','North Sikkim','11')
INSERT INTO `city` (`city_id`,`city_name`,`state_id`) VALUES ('511','Kurung Kumey','12')
INSERT INTO `city` (`city_id`,`city_name`,`state_id`) VALUES ('512','Lohit','12')
INSERT INTO `city` (`city_id`,`city_name`,`state_id`) VALUES ('513','Longding','12')
INSERT INTO `city` (`city_id`,`city_name`,`state_id`) VALUES ('514','Lower Dibang Valley','12')
INSERT INTO `city` (`city_id`,`city_name`,`state_id`) VALUES ('515','Lower Subansiri','12')
INSERT INTO `city` (`city_id`,`city_name`,`state_id`) VALUES ('516','Papum Pare','12')
INSERT INTO `city` (`city_id`,`city_name`,`state_id`) VALUES ('517','Tawang','12')
INSERT INTO `city` (`city_id`,`city_name`,`state_id`) VALUES ('518','Tirap','12')
INSERT INTO `city` (`city_id`,`city_name`,`state_id`) VALUES ('519','Upper Siang','12')
INSERT INTO `city` (`city_id`,`city_name`,`state_id`) VALUES ('52','Karnal','6')
INSERT INTO `city` (`city_id`,`city_name`,`state_id`) VALUES ('520','Upper Subansiri','12')
INSERT INTO `city` (`city_id`,`city_name`,`state_id`) VALUES ('521','West Kameng','12')
INSERT INTO `city` (`city_id`,`city_name`,`state_id`) VALUES ('522','West Siang','12')
INSERT INTO `city` (`city_id`,`city_name`,`state_id`) VALUES ('523','Mokokchung','13')
INSERT INTO `city` (`city_id`,`city_name`,`state_id`) VALUES ('524','Dimapur','13')
INSERT INTO `city` (`city_id`,`city_name`,`state_id`) VALUES ('525','Imphal west','14')
INSERT INTO `city` (`city_id`,`city_name`,`state_id`) VALUES ('526','Bishnupur','14')
INSERT INTO `city` (`city_id`,`city_name`,`state_id`) VALUES ('527','Chandel','14')
INSERT INTO `city` (`city_id`,`city_name`,`state_id`) VALUES ('528','Churachandpur','14')
INSERT INTO `city` (`city_id`,`city_name`,`state_id`) VALUES ('529','Chimtipui District','15')
INSERT INTO `city` (`city_id`,`city_name`,`state_id`) VALUES ('53','Kurukshetra','6')
INSERT INTO `city` (`city_id`,`city_name`,`state_id`) VALUES ('530','Kolasib','15')
INSERT INTO `city` (`city_id`,`city_name`,`state_id`) VALUES ('531','Serchhip','15')
INSERT INTO `city` (`city_id`,`city_name`,`state_id`) VALUES ('532','Lawngtlai','15')
INSERT INTO `city` (`city_id`,`city_name`,`state_id`) VALUES ('533','West Garo Hill','17')
INSERT INTO `city` (`city_id`,`city_name`,`state_id`) VALUES ('534','Jaintia Hill','17')
INSERT INTO `city` (`city_id`,`city_name`,`state_id`) VALUES ('535','West Khasi Hill','17')
INSERT INTO `city` (`city_id`,`city_name`,`state_id`) VALUES ('536','Nicobar','35')
INSERT INTO `city` (`city_id`,`city_name`,`state_id`) VALUES ('537','South  ','7')
INSERT INTO `city` (`city_id`,`city_name`,`state_id`) VALUES ('538','South West   ','7')
INSERT INTO `city` (`city_id`,`city_name`,`state_id`) VALUES ('539','Ganganagar','8')
INSERT INTO `city` (`city_id`,`city_name`,`state_id`) VALUES ('54','Jhajjar','6')
INSERT INTO `city` (`city_id`,`city_name`,`state_id`) VALUES ('540','Hanumangarh ','8')
INSERT INTO `city` (`city_id`,`city_name`,`state_id`) VALUES ('541','Jaipur','8')
INSERT INTO `city` (`city_id`,`city_name`,`state_id`) VALUES ('542','Jaisalmer','8')
INSERT INTO `city` (`city_id`,`city_name`,`state_id`) VALUES ('543','Jalor','8')
INSERT INTO `city` (`city_id`,`city_name`,`state_id`) VALUES ('544','Jhalawar','8')
INSERT INTO `city` (`city_id`,`city_name`,`state_id`) VALUES ('545','Jhunjhunun','8')
INSERT INTO `city` (`city_id`,`city_name`,`state_id`) VALUES ('546','Jodhpur','8')
INSERT INTO `city` (`city_id`,`city_name`,`state_id`) VALUES ('547','Karauli ','8')
INSERT INTO `city` (`city_id`,`city_name`,`state_id`) VALUES ('548','Kota','8')
INSERT INTO `city` (`city_id`,`city_name`,`state_id`) VALUES ('549','Nagaur','8')
INSERT INTO `city` (`city_id`,`city_name`,`state_id`) VALUES ('55','Kaithal','6')
INSERT INTO `city` (`city_id`,`city_name`,`state_id`) VALUES ('550','Pali','8')
INSERT INTO `city` (`city_id`,`city_name`,`state_id`) VALUES ('551','Rajsamand ','8')
INSERT INTO `city` (`city_id`,`city_name`,`state_id`) VALUES ('552','Sawai Madhopur','8')
INSERT INTO `city` (`city_id`,`city_name`,`state_id`) VALUES ('553','Sikar','8')
INSERT INTO `city` (`city_id`,`city_name`,`state_id`) VALUES ('554','Sirohi','8')
INSERT INTO `city` (`city_id`,`city_name`,`state_id`) VALUES ('555','Tonk','8')
INSERT INTO `city` (`city_id`,`city_name`,`state_id`) VALUES ('556','Udaipur','8')
INSERT INTO `city` (`city_id`,`city_name`,`state_id`) VALUES ('56','Jind','6')
INSERT INTO `city` (`city_id`,`city_name`,`state_id`) VALUES ('57','Palwal','6')
INSERT INTO `city` (`city_id`,`city_name`,`state_id`) VALUES ('58','Mahendragrh','6')
INSERT INTO `city` (`city_id`,`city_name`,`state_id`) VALUES ('59','Rohtak','6')
INSERT INTO `city` (`city_id`,`city_name`,`state_id`) VALUES ('6','Shimla','2')
INSERT INTO `city` (`city_id`,`city_name`,`state_id`) VALUES ('60','Ambala','6')
INSERT INTO `city` (`city_id`,`city_name`,`state_id`) VALUES ('61','Panipat','6')
INSERT INTO `city` (`city_id`,`city_name`,`state_id`) VALUES ('62','Faridabad','6')
INSERT INTO `city` (`city_id`,`city_name`,`state_id`) VALUES ('63','Yamuna Nagar','6')
INSERT INTO `city` (`city_id`,`city_name`,`state_id`) VALUES ('64','Rewari','6')
INSERT INTO `city` (`city_id`,`city_name`,`state_id`) VALUES ('65','Sonepat','6')
INSERT INTO `city` (`city_id`,`city_name`,`state_id`) VALUES ('66','Gurgaon','6')
INSERT INTO `city` (`city_id`,`city_name`,`state_id`) VALUES ('67','Panchkula','6')
INSERT INTO `city` (`city_id`,`city_name`,`state_id`) VALUES ('68','North East   ','7')
INSERT INTO `city` (`city_id`,`city_name`,`state_id`) VALUES ('69','North West   ','7')
INSERT INTO `city` (`city_id`,`city_name`,`state_id`) VALUES ('7','Sirmaur','2')
INSERT INTO `city` (`city_id`,`city_name`,`state_id`) VALUES ('70','Ajmer','8')
INSERT INTO `city` (`city_id`,`city_name`,`state_id`) VALUES ('71','Alwar','8')
INSERT INTO `city` (`city_id`,`city_name`,`state_id`) VALUES ('72','Banswara','8')
INSERT INTO `city` (`city_id`,`city_name`,`state_id`) VALUES ('73','Baran ','8')
INSERT INTO `city` (`city_id`,`city_name`,`state_id`) VALUES ('74','Barmer','8')
INSERT INTO `city` (`city_id`,`city_name`,`state_id`) VALUES ('75','Bharatpur','8')
INSERT INTO `city` (`city_id`,`city_name`,`state_id`) VALUES ('76','Bhilwara','8')
INSERT INTO `city` (`city_id`,`city_name`,`state_id`) VALUES ('77','Bikaner','8')
INSERT INTO `city` (`city_id`,`city_name`,`state_id`) VALUES ('78','Bundi','8')
INSERT INTO `city` (`city_id`,`city_name`,`state_id`) VALUES ('79','Chittaurgarh','8')
INSERT INTO `city` (`city_id`,`city_name`,`state_id`) VALUES ('8','Kinnaur','2')
INSERT INTO `city` (`city_id`,`city_name`,`state_id`) VALUES ('80','Churu','8')
INSERT INTO `city` (`city_id`,`city_name`,`state_id`) VALUES ('81','Dausa ','8')
INSERT INTO `city` (`city_id`,`city_name`,`state_id`) VALUES ('82','Dhaulpur','8')
INSERT INTO `city` (`city_id`,`city_name`,`state_id`) VALUES ('83','Dungarpur','8')
INSERT INTO `city` (`city_id`,`city_name`,`state_id`) VALUES ('84','Agra','9')
INSERT INTO `city` (`city_id`,`city_name`,`state_id`) VALUES ('85','Aligarh','9')
INSERT INTO `city` (`city_id`,`city_name`,`state_id`) VALUES ('86','Allahabad ','9')
INSERT INTO `city` (`city_id`,`city_name`,`state_id`) VALUES ('87','Ambedkar Nagar ','9')
INSERT INTO `city` (`city_id`,`city_name`,`state_id`) VALUES ('88','Auraiya ','9')
INSERT INTO `city` (`city_id`,`city_name`,`state_id`) VALUES ('89','Azamgarh','9')
INSERT INTO `city` (`city_id`,`city_name`,`state_id`) VALUES ('9','Bilaspur','2')
INSERT INTO `city` (`city_id`,`city_name`,`state_id`) VALUES ('90','Baghpat ','9')
INSERT INTO `city` (`city_id`,`city_name`,`state_id`) VALUES ('91','Bahraich','9')
INSERT INTO `city` (`city_id`,`city_name`,`state_id`) VALUES ('92','Ballia','9')
INSERT INTO `city` (`city_id`,`city_name`,`state_id`) VALUES ('93','Balrampur ','9')
INSERT INTO `city` (`city_id`,`city_name`,`state_id`) VALUES ('94','Banda','9')
INSERT INTO `city` (`city_id`,`city_name`,`state_id`) VALUES ('95','Barabanki','9')
INSERT INTO `city` (`city_id`,`city_name`,`state_id`) VALUES ('96','Bareilly','9')
INSERT INTO `city` (`city_id`,`city_name`,`state_id`) VALUES ('97','Basti','9')
INSERT INTO `city` (`city_id`,`city_name`,`state_id`) VALUES ('98','Bijnor','9')
INSERT INTO `city` (`city_id`,`city_name`,`state_id`) VALUES ('99','Budaun','9')
INSERT INTO `city` (`city_id`,`city_name`,`state_id`) VALUES ('557','Gwalior','23')
INSERT INTO `city` (`city_id`,`city_name`,`state_id`) VALUES ('558','Kolkata','19')
INSERT INTO `city` (`city_id`,`city_name`,`state_id`) VALUES ('559','Mohali','3')
INSERT INTO `city` (`city_id`,`city_name`,`state_id`) VALUES ('560','Mumbai','27')
INSERT INTO `city` (`city_id`,`city_name`,`state_id`) VALUES ('561','Warangal','28')

/* ################################################# Start Initializing Imp AutoNumber $ Seed Data ########################################################################  */

INSERT INTO `current_year` (`id`, `current_year`) VALUES (1, '2016')

